{
  "custom.seekchase": {
    "sounds": ["custom/seekchase_by_captaine"]
  },
  "custom.gravityrushluminal": {
    "sounds": ["custom/gravityrushluminal_by_captaine"]
  },
  "custom.runhangout": {
    "sounds": ["custom/runhangout_by_captaine"]
  },
  "custom.seekchase2": {
    "sounds": ["custom/seekchase2_by_captaine"]
  },
  "custom.die_with_the_smile": {
    "sounds": ["custom/diewithsmile_by_captaine"]
  },
  "custom.kj_domain": {
    "sounds": ["custom/dive_by_captaine"]
  },
  "custom.revenge_require": {
    "sounds": ["custom/revenge_require_code_by_captaine"]
  },
  "custom.so_its_continue": {
    "sounds": ["custom/socontinue_by_captaine"]
  },
  "custom.alwaysrunning_blackops": {
    "sounds": ["custom/always_running_by_captaine"]
  },
  "custom.scp_3008": {
    "sounds": ["custom/scp_3008friday_by_captaine"]
  }
 "custom.pichedmetal": {
    "sounds": ["custom/pichedmetal_by_captaine"]
  }
 "custom.portal2theme": {
    "sounds": ["custom/portal2song_by_captaine"]
  }
  }
 "custom.portal2voices": {
    "sounds": ["custom/voicelinereactor"]
  }
}
