{
	"credit": "Made with Blockbench",
	"elements": [
		{
			"from": [0, 0, 0],
			"to": [16, 2, 1],
			"rotation": {"angle": 0, "axis": "y", "origin": [8, 0, 8]},
			"color": 6,
			"faces": {
				"north": {"uv": [0, 0, 16, 2], "texture": "#missing"},
				"east": {"uv": [0, 0, 16, 2], "texture": "#missing"},
				"south": {"uv": [0, 0, 16, 2], "texture": "#missing"},
				"west": {"uv": [0, 0, 16, 2], "texture": "#missing"},
				"up": {"uv": [0, 0, 16, 2], "texture": "#missing"},
				"down": {"uv": [0, 0, 16, 2], "texture": "#missing"}
			}
		},
		{
			"from": [0, 0, 15],
			"to": [16, 2, 16],
			"rotation": {"angle": 0, "axis": "y", "origin": [8, 0, 23]},
			"color": 6,
			"faces": {
				"north": {"uv": [0, 0, 16, 2], "texture": "#missing"},
				"east": {"uv": [0, 0, 16, 2], "texture": "#missing"},
				"south": {"uv": [0, 0, 16, 2], "texture": "#missing"},
				"west": {"uv": [0, 0, 16, 2], "texture": "#missing"},
				"up": {"uv": [0, 0, 16, 2], "texture": "#missing"},
				"down": {"uv": [0, 0, 16, 2], "texture": "#missing"}
			}
		},
		{
			"from": [1, 0, 0],
			"to": [15, 2, 1],
			"rotation": {"angle": 89.99994, "axis": "y", "origin": [8, 0, 8]},
			"rotated": [0, 89.99994, 0.00006],
			"color": 6,
			"faces": {
				"north": {"uv": [1, 3, 15, 5], "texture": "#missing"},
				"east": {"uv": [0, 3, 1, 5], "texture": "#missing"},
				"south": {"uv": [16, 3, 30, 5], "texture": "#missing"},
				"west": {"uv": [15, 3, 16, 5], "texture": "#missing"},
				"up": {"uv": [15, 3, 1, 2], "texture": "#missing"},
				"down": {"uv": [29, 2, 15, 3], "texture": "#missing"}
			}
		},
		{
			"from": [16, 0, 0],
			"to": [30, 2, 1],
			"rotation": {"angle": 89.99994, "axis": "y", "origin": [23, 0, 8]},
			"rotated": [0, 89.99994, 0.00006],
			"color": 6,
			"faces": {
				"north": {"uv": [0, 0, 16, 2], "texture": "#missing"},
				"east": {"uv": [0, 0, 16, 2], "texture": "#missing"},
				"south": {"uv": [0, 0, 16, 2], "texture": "#missing"},
				"west": {"uv": [0, 0, 16, 2], "texture": "#missing"},
				"up": {"uv": [0, 0, 16, 2], "texture": "#missing"},
				"down": {"uv": [0, 0, 16, 2], "texture": "#missing"}
			}
		},
		{
			"from": [18.5, 2, 0],
			"to": [26.5, 12, 1],
			"rotation": {"angle": 89.99994, "axis": "y", "origin": [22.5, 2, 8]},
			"rotated": [0, 89.99994, 0.00006],
			"color": 6,
			"faces": {
				"north": {"uv": [0, 0, 16, 2], "texture": "#missing"},
				"east": {"uv": [0, 0, 16, 2], "texture": "#missing"},
				"south": {"uv": [0, 0, 16, 2], "texture": "#missing"},
				"west": {"uv": [0, 0, 16, 2], "texture": "#missing"},
				"up": {"uv": [0, 0, 16, 2], "texture": "#missing"},
				"down": {"uv": [0, 0, 16, 2], "texture": "#missing"}
			}
		},
		{
			"from": [4.4, 2, 0],
			"to": [12.4, 12, 1],
			"rotation": {"angle": 89.99994, "axis": "y", "origin": [8.4, 2, 8]},
			"rotated": [0, 89.99994, 0.00006],
			"color": 6,
			"faces": {
				"north": {"uv": [0, 0, 16, 2], "texture": "#missing"},
				"east": {"uv": [0, 0, 16, 2], "texture": "#missing"},
				"south": {"uv": [0, 0, 16, 2], "texture": "#missing"},
				"west": {"uv": [0, 0, 16, 2], "texture": "#missing"},
				"up": {"uv": [0, 0, 16, 2], "texture": "#missing"},
				"down": {"uv": [0, 0, 16, 2], "texture": "#missing"}
			}
		},
		{
			"from": [4.4, 2, 0.5],
			"to": [12.4, 12, 1.5],
			"rotation": {"angle": -0.00006, "axis": "y", "origin": [8.4, 2, 8.5]},
			"rotated": [0, -0.00006, 0.00006],
			"color": 6,
			"faces": {
				"north": {"uv": [0, 0, 16, 2], "texture": "#missing"},
				"east": {"uv": [0, 0, 16, 2], "texture": "#missing"},
				"south": {"uv": [0, 0, 16, 2], "texture": "#missing"},
				"west": {"uv": [0, 0, 16, 2], "texture": "#missing"},
				"up": {"uv": [0, 0, 16, 2], "texture": "#missing"},
				"down": {"uv": [0, 0, 16, 2], "texture": "#missing"}
			}
		},
		{
			"from": [4.4, 2, 14.5],
			"to": [12.4, 12, 15.5],
			"rotation": {"angle": -0.00006, "axis": "y", "origin": [8.4, 2, 22.5]},
			"rotated": [0, -0.00006, 0.00006],
			"color": 6,
			"faces": {
				"north": {"uv": [0, 0, 16, 2], "texture": "#missing"},
				"east": {"uv": [0, 0, 16, 2], "texture": "#missing"},
				"south": {"uv": [0, 0, 16, 2], "texture": "#missing"},
				"west": {"uv": [0, 0, 16, 2], "texture": "#missing"},
				"up": {"uv": [0, 0, 16, 2], "texture": "#missing"},
				"down": {"uv": [0, 0, 16, 2], "texture": "#missing"}
			}
		},
		{
			"from": [7.5, 8, 15],
			"to": [9.5, 10, 15.6],
			"rotation": {"angle": 0, "axis": "y", "origin": [8, 8, 16]},
			"color": 9,
			"faces": {
				"north": {"uv": [0, 0, 2, 2], "texture": "#missing"},
				"east": {"uv": [0, 0, 0.6, 2], "texture": "#missing"},
				"south": {"uv": [0, 0, 2, 2], "texture": "#missing"},
				"west": {"uv": [0, 0, 0.6, 2], "texture": "#missing"},
				"up": {"uv": [0, 0, 2, 0.6], "texture": "#missing"},
				"down": {"uv": [0, 0, 2, 0.6], "texture": "#missing"}
			}
		},
		{
			"from": [5.5, 4, 15],
			"to": [7.5, 6, 15.6],
			"rotation": {"angle": 0, "axis": "y", "origin": [6, 4, 16]},
			"color": 9,
			"faces": {
				"north": {"uv": [0, 0, 2, 2], "texture": "#missing"},
				"east": {"uv": [0, 0, 0.6, 2], "texture": "#missing"},
				"south": {"uv": [0, 0, 2, 2], "texture": "#missing"},
				"west": {"uv": [0, 0, 0.6, 2], "texture": "#missing"},
				"up": {"uv": [0, 0, 2, 0.6], "texture": "#missing"},
				"down": {"uv": [0, 0, 2, 0.6], "texture": "#missing"}
			}
		},
		{
			"from": [9.5, 4, 15],
			"to": [11.5, 6, 15.6],
			"rotation": {"angle": 0, "axis": "y", "origin": [10, 4, 16]},
			"color": 9,
			"faces": {
				"north": {"uv": [0, 0, 2, 2], "texture": "#missing"},
				"east": {"uv": [0, 0, 0.6, 2], "texture": "#missing"},
				"south": {"uv": [0, 0, 2, 2], "texture": "#missing"},
				"west": {"uv": [0, 0, 0.6, 2], "texture": "#missing"},
				"up": {"uv": [0, 0, 2, 0.6], "texture": "#missing"},
				"down": {"uv": [0, 0, 2, 0.6], "texture": "#missing"}
			}
		},
		{
			"from": [-0.8, 3, 5],
			"to": [1.2, 5, 5.6],
			"rotation": {"angle": -90, "axis": "y", "origin": [-0.3, 3, 6]},
			"color": 9,
			"faces": {
				"north": {"uv": [0, 0, 2, 2], "texture": "#missing"},
				"east": {"uv": [0, 0, 0.6, 2], "texture": "#missing"},
				"south": {"uv": [0, 0, 2, 2], "texture": "#missing"},
				"west": {"uv": [0, 0, 0.6, 2], "texture": "#missing"},
				"up": {"uv": [0, 0, 2, 0.6], "texture": "#missing"},
				"down": {"uv": [0, 0, 2, 0.6], "texture": "#missing"}
			}
		},
		{
			"from": [-0.8, 6, 7],
			"to": [1.2, 8, 7.6],
			"rotation": {"angle": -90, "axis": "y", "origin": [-0.3, 6, 8]},
			"color": 9,
			"faces": {
				"north": {"uv": [0, 0, 2, 2], "texture": "#missing"},
				"east": {"uv": [0, 0, 0.6, 2], "texture": "#missing"},
				"south": {"uv": [0, 0, 2, 2], "texture": "#missing"},
				"west": {"uv": [0, 0, 0.6, 2], "texture": "#missing"},
				"up": {"uv": [0, 0, 2, 0.6], "texture": "#missing"},
				"down": {"uv": [0, 0, 2, 0.6], "texture": "#missing"}
			}
		},
		{
			"from": [-0.8, 3, 9],
			"to": [1.2, 5, 9.6],
			"rotation": {"angle": -90, "axis": "y", "origin": [-0.3, 3, 10]},
			"color": 9,
			"faces": {
				"north": {"uv": [0, 0, 2, 2], "texture": "#missing"},
				"east": {"uv": [0, 0, 0.6, 2], "texture": "#missing"},
				"south": {"uv": [0, 0, 2, 2], "texture": "#missing"},
				"west": {"uv": [0, 0, 0.6, 2], "texture": "#missing"},
				"up": {"uv": [0, 0, 2, 0.6], "texture": "#missing"},
				"down": {"uv": [0, 0, 2, 0.6], "texture": "#missing"}
			}
		},
		{
			"from": [-0.8, 9, 9],
			"to": [1.2, 11, 9.6],
			"rotation": {"angle": -90, "axis": "y", "origin": [-0.3, 9, 10]},
			"color": 9,
			"faces": {
				"north": {"uv": [0, 0, 2, 2], "texture": "#missing"},
				"east": {"uv": [0, 0, 0.6, 2], "texture": "#missing"},
				"south": {"uv": [0, 0, 2, 2], "texture": "#missing"},
				"west": {"uv": [0, 0, 0.6, 2], "texture": "#missing"},
				"up": {"uv": [0, 0, 2, 0.6], "texture": "#missing"},
				"down": {"uv": [0, 0, 2, 0.6], "texture": "#missing"}
			}
		},
		{
			"from": [-0.8, 9, 5],
			"to": [1.2, 11, 5.6],
			"rotation": {"angle": -90, "axis": "y", "origin": [-0.3, 9, 6]},
			"color": 9,
			"faces": {
				"north": {"uv": [0, 0, 2, 2], "texture": "#missing"},
				"east": {"uv": [0, 0, 0.6, 2], "texture": "#missing"},
				"south": {"uv": [0, 0, 2, 2], "texture": "#missing"},
				"west": {"uv": [0, 0, 0.6, 2], "texture": "#missing"},
				"up": {"uv": [0, 0, 2, 0.6], "texture": "#missing"},
				"down": {"uv": [0, 0, 2, 0.6], "texture": "#missing"}
			}
		},
		{
			"from": [5.3, 6, 0.4],
			"to": [7.3, 8, 1],
			"rotation": {"angle": 0, "axis": "y", "origin": [5.8, 6, 1.4]},
			"color": 9,
			"faces": {
				"north": {"uv": [0, 0, 2, 2], "texture": "#missing"},
				"east": {"uv": [0, 0, 0.6, 2], "texture": "#missing"},
				"south": {"uv": [0, 0, 2, 2], "texture": "#missing"},
				"west": {"uv": [0, 0, 0.6, 2], "texture": "#missing"},
				"up": {"uv": [0, 0, 2, 0.6], "texture": "#missing"},
				"down": {"uv": [0, 0, 2, 0.6], "texture": "#missing"}
			}
		},
		{
			"from": [9.5, 6, 0.4],
			"to": [11.5, 8, 1],
			"rotation": {"angle": 0, "axis": "y", "origin": [10, 6, 1.4]},
			"color": 9,
			"faces": {
				"north": {"uv": [0, 0, 2, 2], "texture": "#missing"},
				"east": {"uv": [0, 0, 0.6, 2], "texture": "#missing"},
				"south": {"uv": [0, 0, 2, 2], "texture": "#missing"},
				"west": {"uv": [0, 0, 0.6, 2], "texture": "#missing"},
				"up": {"uv": [0, 0, 2, 0.6], "texture": "#missing"},
				"down": {"uv": [0, 0, 2, 0.6], "texture": "#missing"}
			}
		}
	],
	"meta": {
		"format_version": "4.10",
		"model_format": "free",
		"box_uv": false
	},
	"name": "crown_domino.json",
	"model_identifier": "minecraft:couronne_domino",
	"visible_box": [1, 1, 0],
	"variable_placeholders": "",
	"variable_placeholder_buttons": [],
	"timeline_setups": [],
	"unhandled_root_fields": {},
	"resolution": {
		"width": 32,
		"height": 32
	},
	"outliner": [
		"4c669f30-14ea-169a-fcdd-2c9e135a5c32",
		"382b1d47-dd66-dcee-a049-86f0ba6ac8bf",
		"34fbe6e4-cbfa-b974-63e0-2d3d19fd5479",
		"f523bfa9-3eb2-68ba-9a4c-568b3910f59a",
		"57513aa3-b1fa-55e2-eb8c-7f9e953543bf",
		"aa18ac59-ae94-77e2-1f66-b271c1e754f0",
		"8976b968-d0fe-75dc-19b5-dba211bf9ca7",
		"67da64fc-bed6-edc7-7cd2-0d4c885a4ee4",
		"498301b1-ed58-e15b-8812-408a6e3c7024",
		"b876693b-add2-2da1-3d3e-17c0ceb5b7d3",
		"8f10926b-57db-4c1f-d4ef-2725af02d326",
		"93dbdf99-98f2-9e18-c00d-bf3d18d9dd0a",
		"9c7ecd9e-36b5-8738-121f-d3b71f7cb5c2",
		"b7b7b19b-d201-fb0b-b8db-f2108d6dc73a",
		"184030d9-938c-8ae2-d813-dd57f9d0b89d",
		"3c848afa-563d-d339-2080-22eab78b88c4",
		"a7bbbcec-7a97-5cd3-c7f9-10ea41177cef",
		"ff108d52-d7da-6cde-e765-ecb20235187f"
	]
}